media_muito_ativos,media_moderadamente_ativos,media_levemente_ativos,media_sedentarios
16.807522123893804,13.214601769911505,171.9513274336283,990.362831858407
